work_id,email,first_name,last_name,password
wjeandon0,wjeandon0@goodreads.com,Wesley,Jeandon,eixQiTBK
bbroadstock1,bbroadstock1@diigo.com,Brenna,Broadstock,V7O4z9dd0iXw
fmcevon2,fmcevon2@craigslist.org,Florenza,McEvon,FL09L5n6z7
daldiss3,daldiss3@yahoo.co.jp,Dee,Aldiss,XzNn8loHDco
mmansford4,mmansford4@opensource.org,Marcello,Mansford,6Cisyu5KYXe
dimort5,dimort5@illinois.edu,Dorey,Imort,WlRRAmkX5Jg5
lrosten6,lrosten6@geocities.com,Lilith,Rosten,y9SLaCpxg9ak
ttixall7,ttixall7@seattletimes.com,Teena,Tixall,YGQAV00J
tlassey8,tlassey8@elegantthemes.com,Torrin,Lassey,bH1uOwgSedf
sphilipart9,sphilipart9@1688.com,Shana,Philipart,wmxCbJ
cjarratta,cjarratta@mtv.com,Corie,Jarratt,bpgtiwk
mcherrymanb,mcherrymanb@europa.eu,Melli,Cherryman,btxnDjGWt
ljannawayc,ljannawayc@wiley.com,Lyon,Jannaway,qOKXPSxME
mlinbohmd,mlinbohmd@dropbox.com,Mil,Linbohm,a1YW4bo6q
mdumphrye,mdumphrye@cnet.com,Mellie,Dumphry,w1gYPI0vb
dbullasf,dbullasf@jimdo.com,Desdemona,Bullas,0wuSaEc0ZrB
tgavarang,tgavarang@sphinn.com,Tedd,Gavaran,8ukz7NpGcPm1
dharewoodh,dharewoodh@ihg.com,Dennis,Harewood,aX2WyNKyWn
eduerdeni,eduerdeni@spotify.com,Eada,Duerden,JGA8PV
tlodgej,tlodgej@123-reg.co.uk,Torr,Lodge,V8l0bp63GqR
