username,email,first_name,last_name,password
dbeilby0,dbeilby0@jigsy.com,Dmitri,Beilby,j3SYJjzWfJJN
dreeds1,dreeds1@wikia.com,Dirk,Reeds,CPLzJT
mgasnoll2,mgasnoll2@posterous.com,Min,Gasnoll,njqgXeZI
atansly3,atansly3@blogger.com,Adrian,Tansly,TddGhL
olyman4,olyman4@java.com,Osborn,Lyman,6hkxRRMYW
mben5,mben5@skyrock.com,Moses,Ben,LsrdMiJx
atruelock6,atruelock6@reference.com,Afton,Truelock,aWg4lIo
nboreland7,nboreland7@bandcamp.com,Nil,Boreland,QxPIHWUaj8
wcuddon8,wcuddon8@netlog.com,Windy,Cuddon,Gz7urihgI
ldigance9,ldigance9@auda.org.au,Lilias,Digance,hxh0BFOp
kbirdfielda,kbirdfielda@marriott.com,Kelvin,Birdfield,wF45YgZPokjw
ejoyesb,ejoyesb@uiuc.edu,Editha,Joyes,d0AyvOAAyxCu
lpeaurtc,lpeaurtc@blogger.com,Lorry,Peaurt,HI7aUwYB
rdresseld,rdresseld@miibeian.gov.cn,Rodi,Dressel,nuRs1CPDLX
vgilstoune,vgilstoune@cloudflare.com,Vasili,Gilstoun,XZESoo
ddaggf,ddaggf@addtoany.com,Diego,Dagg,QPdCpll
cweatherdong,cweatherdong@hc360.com,Chico,Weatherdon,UXRwhneoUz
tmcglaudh,tmcglaudh@japanpost.jp,Trueman,McGlaud,5dLxkvndnu8
pwinseri,pwinseri@cdbaby.com,Priscilla,Winser,QgpWbNxpm
brandj,brandj@mozilla.org,Boy,Rand,IPBWXRCqyC6x
